{"cameraMode":{"drawMode":0,"name":"Shaded","section":"Shading Mode"},"sceneLighting":false,"audioPlay":false,"sceneViewState":{"showFog":true,"showMaterialUpdate":false,"showSkybox":false,"showFlares":true,"showImageEffects":true,"showParticleSystems":true},"in2DMode":false,"pivot":{"x":-2.7547638416290285,"y":-3.5244903564453127,"z":1.3178108930587769},"rotation":{"x":0.19846808910369874,"y":-0.43697240948677065,"z":0.10074201226234436,"w":0.8717411756515503},"size":7.071244716644287,"orthographic":false}