{"cameraMode":{"drawMode":0,"name":"Shaded","section":"Shading Mode"},"sceneLighting":false,"audioPlay":false,"sceneViewState":{"showFog":true,"showMaterialUpdate":false,"showSkybox":false,"showFlares":true,"showImageEffects":true,"showParticleSystems":true},"in2DMode":false,"pivot":{"x":0.0,"y":1.4740099906921387,"z":0.16863501071929933},"rotation":{"x":0.07143489271402359,"y":-0.6870374083518982,"z":0.06964714080095291,"w":0.7200859785079956},"size":1.3050140142440797,"orthographic":false}