{"cameraMode":{"drawMode":0,"name":"Shaded","section":"Shading Mode"},"sceneLighting":true,"audioPlay":false,"sceneViewState":{"showFog":true,"showMaterialUpdate":false,"showSkybox":true,"showFlares":true,"showImageEffects":true,"showParticleSystems":true},"in2DMode":false,"pivot":{"x":0.4450836181640625,"y":10.717561721801758,"z":2.303614377975464},"rotation":{"x":0.2185039222240448,"y":-0.7809694409370422,"z":0.42868974804878237,"w":0.39856597781181338},"size":3.9073946475982668,"orthographic":false}