{"cameraMode":{"drawMode":0,"name":"Shaded","section":"Shading Mode"},"sceneLighting":false,"audioPlay":false,"sceneViewState":{"showFog":true,"showMaterialUpdate":false,"showSkybox":false,"showFlares":true,"showImageEffects":true,"showParticleSystems":true},"in2DMode":false,"pivot":{"x":-0.22949910163879395,"y":-0.10274875164031983,"z":-0.3904120922088623},"rotation":{"x":-0.0408371165394783,"y":0.9499908089637756,"z":-0.2761795222759247,"w":-0.14087282121181489},"size":1.510380744934082,"orthographic":false}