{"cameraMode":{"drawMode":0,"name":"Shaded","section":"Shading Mode"},"sceneLighting":false,"audioPlay":false,"sceneViewState":{"showFog":true,"showMaterialUpdate":false,"showSkybox":false,"showFlares":true,"showImageEffects":true,"showParticleSystems":true},"in2DMode":false,"pivot":{"x":0.29167360067367556,"y":0.7583149671554565,"z":-1.6697243452072144},"rotation":{"x":0.18127796053886414,"y":-0.033567942678928378,"z":0.007513985503464937,"w":0.9830354452133179},"size":1.7320541143417359,"orthographic":false}