{"cameraMode":{"drawMode":0,"name":"Shaded","section":"Shading Mode"},"sceneLighting":true,"audioPlay":false,"sceneViewState":{"showFog":true,"showMaterialUpdate":false,"showSkybox":true,"showFlares":true,"showImageEffects":true,"showParticleSystems":true},"in2DMode":false,"pivot":{"x":-23.93001365661621,"y":4.082813262939453,"z":-18.96263885498047},"rotation":{"x":-0.17423196136951447,"y":-0.38376855850219729,"z":0.06907794624567032,"w":-0.9047307968139648},"size":6.105015277862549,"orthographic":false}