{"cameraMode":{"drawMode":0,"name":"Shaded","section":"Shading Mode"},"sceneLighting":false,"audioPlay":false,"sceneViewState":{"showFog":true,"showMaterialUpdate":false,"showSkybox":false,"showFlares":true,"showImageEffects":true,"showParticleSystems":true},"in2DMode":false,"pivot":{"x":-1.750082015991211,"y":-0.811837375164032,"z":2.6024649143218996},"rotation":{"x":0.18704552948474885,"y":-0.40947091579437258,"z":0.08739017695188523,"w":0.8888906836509705},"size":7.075486660003662,"orthographic":false}